SNP,CHR_ID,CHR_POS,Effect_Size,P-VALUE
rs7903146-T,10,112998590,1.4,7.00E-45
rs7903146-T,10,112998590,0.0181,1.00E-21
rs7903146-T,10,112998590,1.06,4.00E-11
rs7903146-T,10,112998590,0.0178,2.00E-23
rs7903146-T,10,112998590,0.0178,2.00E-23
rs7903146-T,10,112998590,1.66,3.00E-11
rs7903146-C,10,112998590,1.53,1.00E-09
rs7903146-T,10,112998590,0.2209,4.00E-10
rs7903146-T,10,112998590,0.2209,9.00E-17
rs7903146-T,10,112998590,1.34,1.00E-41
rs7903146-A,10,112998590,0.0075,3.00E-13
rs7903146-T,10,112998590,1.37,6E-447
rs7903146-A,10,112998590,1.33,7.00E-07
rs7903146-C,10,112998590,0.05,1.00E-07
rs7903146-A,10,112998590,1.71,5.00E-08
rs7903146-T,10,112998590,1.37,1.00E-48
rs7903146-T,10,112998590,1.34,1.00E-08
rs7903146-T,10,112998590,1.48,1.00E-30
rs7903146-T,10,112998590,1.46,2.00E-15
rs7903146-T,10,112998590,1.51,1.00E-35
rs7903146-T,10,112998590,1.44,3.00E-19
rs7903146-T,10,112998590,1.3,6.00E-22
rs7903146-T,10,112998590,1.15,3.00E-35
rs7903146-T,10,112998590,1.15,2.00E-38
rs7903146-T,10,112998590,1.19,9.00E-75
rs7903146-T,10,112998590,1.4,2.00E-51
rs7903146-T,10,112998590,1.37,3.00E-23
rs7903146-T,10,112998590,1.54,8.00E-12
rs7903146-T,10,112998590,1.26,4.00E-21
rs7903146-T,10,112998590,1.58,2.00E-40
rs7903146-T,10,112998590,0.0212,1.00E-09
rs7903146-T,10,112998590,0.0024,2.00E-14
rs7903146-T,10,112998590,7.36E-04,3.00E-06
rs7903146-T,10,112998590,0.0185,3.00E-07
rs7903146-T,10,112998590,1.48,2.00E-15
rs7903146-?,10,112998590,1.31,6.00E-16
rs7903146-?,10,112998590,1.49,9.00E-30
rs7903146-T,10,112998590,1.33,5.00E-44
rs7903146-T,10,112998590,1.36,4.00E-94
rs7903146-?,10,112998590,,3.00E-203
rs7903146-?,10,112998590,,2.00E-21
rs7903146-C,10,112998590,0.017926,7.00E-11
rs7903146-C,10,112998590,0.020616,1.00E-06
rs7903146-T,10,112998590,1.65,2.00E-34
rs7903146-T,10,112998590,1.37,1.00E-14
rs7903146-?,10,112998590,1.38,2.00E-10
rs7903146-T,10,112998590,0.021989034,3.00E-13
rs7903146-T,10,112998590,1.39,1.00E-139
rs7903146-T,10,112998590,1.39,4.00E-73
rs7903146-T,10,112998590,1.39,6.00E-92
rs7903146-C,10,112998590,0.024,1.00E-12
rs7903146-T,10,112998590,1.4,8.00E-75
rs7903146-T,10,112998590,,2.00E-20
rs7903146-?,10,112998590,,2.00E-09
rs7903146-?,10,112998590,,2.00E-07
rs7903146-C,10,112998590,0.0315,5.00E-08
rs7903146-C,10,112998590,0.0243,5.00E-10
rs7903146-C,10,112998590,0.0214,1.00E-06
rs7903146-T,10,112998590,0.056,9.00E-12
rs7903146-T,10,112998590,0.028,1.00E-18
rs7903146-C,10,112998590,0.226,6.00E-60
rs7903146-C,10,112998590,0.28,3E-695
rs7903146-T,10,112998590,0.0463,9.00E-22
rs7903146-?,10,112998590,0.03582819,1.00E-06
rs7903146-?,10,112998590,0.05717657,8.00E-08
rs7903146-T,10,112998590,0.0515,2.00E-12
rs7903146-T,10,112998590,0.0599,9.00E-08
rs7903146-T,10,112998590,0.3169,6.00E-175
rs7903146-C,10,112998590,0.4027,6E-526
rs7903146-T,10,112998590,1.031,6.00E-09
rs7903146-T,10,112998590,0.3059,1E-347
rs7903146-T,10,112998590,0.021695,9.00E-11
rs7903146-C,10,112998590,,7.00E-77
rs7903146-C,10,112998590,,2.00E-77
rs7903146-C,10,112998590,,7.00E-10
rs7903146-C,10,112998590,,4.00E-19
rs7903146-C,10,112998590,,2.00E-15
rs7903146-C,10,112998590,0.029,4.00E-11
rs7903146-C,10,112998590,0.023,1.00E-11
rs7903146-T,10,112998590,1.36,1.00E-11
rs7903146-?,10,112998590,,6.00E-24
rs7903146-T,10,112998590,0.0273,1.00E-07
rs7903146-T,10,112998590,0.0195,1.00E-07
rs7903146-T,10,112998590,,6.00E-09
rs7903146-T,10,112998590,,4.00E-08
rs7903146-T,10,112998590,0.0341,7.00E-09
rs7903146-T,10,112998590,0.0264,7.00E-10
rs7903146-T,10,112998590,0.105,7.00E-06
rs7903146-T,10,112998590,0.3286,2.00E-184
rs7903146-T,10,112998590,0.1981,3.00E-23
rs7903146-T,10,112998590,0.301,1.00E-219
rs7903146-T,10,112998590,0.1668,1.00E-14
rs7903146-T,10,112998590,0.0391263,2.00E-09
rs7903146-T,10,112998590,1.06,5.00E-10
rs7903146-T,10,112998590,0.0451858,4.00E-09
rs7903146-T,10,112998590,1.559,9.00E-15
rs7903146-T,10,112998590,1.345,6.00E-18
rs7903146-T,10,112998590,0.02141,3.00E-11
rs7903146-T,10,112998590,0.0233495,6.00E-14
rs7903146-T,10,112998590,0.2436,3.00E-54
rs7903146-T,10,112998590,0.2641,8.00E-59
rs7903146-C,10,112998590,1.402,3.00E-10
rs7903146-T,10,112998590,1.417,6.00E-16
rs7903146-T,10,112998590,0.0133,1.00E-22
rs7903146-C,10,112998590,0.0179,4.00E-21
rs7903146-T,10,112998590,1.58,8.00E-20
rs7903146-C,10,112998590,0.021,3.00E-14
rs7903146-T,10,112998590,0.32730255,4.00E-145
rs7903146-T,10,112998590,0.07076007,2.00E-30
rs7903146-T,10,112998590,1.32,5.00E-13
rs7903146-T,10,112998590,1.13,5.00E-07
rs7903146-T,10,112998590,1.221,3.00E-17
rs7903146-T,10,112998590,1.182,4.00E-20
rs7903146-T,10,112998590,0.227926,3.00E-19
rs7903146-T,10,112998590,0.0230131,1.00E-13
rs7903146-T,10,112998590,0.0854,3.00E-26
rs7903146-T,10,112998590,0.1217,7.00E-07
rs7903146-T,10,112998590,0.0116,1.00E-09
rs7903146-T,10,112998590,0.0259,2.00E-35
rs7903146-?,10,112998590,,7.00E-18
rs7903146-T,10,112998590,0.0486,2.00E-10
rs7903146-T,10,112998590,0.251,4.00E-34
rs7903146-T,10,112998590,0.228,7.00E-48
rs7903146-T,10,112998590,1.33,9E-471
rs7903146-C,10,112998590,0.07,2.00E-26
rs7903146-C,10,112998590,0.0148024,3.00E-11
rs7903146-T,10,112998590,1.22,4.00E-16
rs7903146-T,10,112998590,,3E-1315
rs7903146-C,10,112998590,0.02601,2.00E-12
rs7903146-C,10,112998590,0.02795,3.00E-26
rs7903146-C,10,112998590,0.03383,6.00E-32
rs7903146-C,10,112998590,0.03199,9.00E-12
rs7903146-C,10,112998590,0.1487,2.00E-11
rs7903146-C,10,112998590,0.1065,3.00E-41
rs7903146-C,10,112998590,0.03375,9.00E-18
rs7903146-C,10,112998590,0.08323,3.00E-21
rs7903146-C,10,112998590,0.1158,3.00E-62
rs7903146-C,10,112998590,0.02877,5.00E-14
rs7903146-C,10,112998590,0.1054,5.00E-16
rs7903146-C,10,112998590,0.04008,1.00E-17
rs7903146-C,10,112998590,0.2036,7.00E-203
rs7903146-C,10,112998590,0.2369,5.00E-20
rs7903146-C,10,112998590,0.1557,2.00E-12
rs7903146-C,10,112998590,0.2159,4.00E-98
rs7903146-C,10,112998590,0.1928,2.00E-34
rs7903146-C,10,112998590,0.2085,8.00E-128
rs7903146-C,10,112998590,0.07719,7.00E-14
rs7903146-C,10,112998590,0.2815,6.00E-259
rs7903146-C,10,112998590,0.04104,2.00E-17
rs7903146-C,10,112998590,0.02664,5.00E-20
rs7903146-C,10,112998590,0.04515,3.00E-60
rs7903146-C,10,112998590,0.03456,7.00E-14
rs7903146-C,10,112998590,0.04173,4.00E-18
rs7903146-C,10,112998590,0.09375,6.00E-36
rs7903146-C,10,112998590,0.04237,3.00E-17
rs7903146-C,10,112998590,0.1084,9.00E-48
rs7903146-C,10,112998590,0.0562,4.00E-23
rs7903146-C,10,112998590,0.05652,3.00E-23
rs7903146-C,10,112998590,0.1028,2.00E-43
rs7903146-C,10,112998590,0.1205,5.00E-115
rs7903146-C,10,112998590,0.03939,1.00E-15
rs7903146-C,10,112998590,0.1053,1.00E-23
rs7903146-C,10,112998590,0.05553,6.00E-13
rs7903146-C,10,112998590,0.0556,6.00E-13
rs7903146-C,10,112998590,0.121,4.00E-114
rs7903146-C,10,112998590,0.03934,6.00E-53
rs7903146-C,10,112998590,0.0369,7.00E-15
rs7903146-C,10,112998590,0.0376,8.00E-13
rs7903146-C,10,112998590,0.09917,1.00E-15
rs7903146-C,10,112998590,0.01821,1.00E-11
rs7903146-C,10,112998590,0.03484,3.00E-11
rs7903146-C,10,112998590,0.04072,2.00E-17
rs7903146-C,10,112998590,0.1328,2.00E-13
rs7903146-C,10,112998590,0.04393,1.00E-14
rs7903146-C,10,112998590,0.03942,6.00E-50
rs7903146-C,10,112998590,0.2823,3.00E-271
rs7903146-C,10,112998590,0.1691,3.00E-22
rs7903146-C,10,112998590,0.1953,2.00E-48
rs7903146-C,10,112998590,0.2088,8.00E-65
rs7903146-C,10,112998590,0.0518,8.00E-12
rs7903146-C,10,112998590,0.2035,2.00E-84
rs7903146-C,10,112998590,0.02154,2.00E-15
rs7903146-C,10,112998590,0.02418,5.00E-19
rs7903146-C,10,112998590,0.02404,1.00E-17
rs7903146-C,10,112998590,0.0437,2.00E-18
rs7903146-C,10,112998590,0.1034,8.00E-44
rs7903146-C,10,112998590,0.1077,7.00E-92
rs7903146-C,10,112998590,0.02994,1.00E-25
rs7903146-C,10,112998590,0.03331,6.00E-12
rs7903146-C,10,112998590,0.0336,5.00E-32
rs7903146-C,10,112998590,0.04326,7.00E-19
rs7903146-C,10,112998590,0.01812,2.00E-11
rs7903146-C,10,112998590,0.04552,6.00E-19
rs7903146-C,10,112998590,0.1277,4.00E-11
rs7903146-C,10,112998590,0.0288,2.00E-08
rs7903146-T,10,112998590,0.005080384,2.00E-56
rs7903146-T,10,112998590,0.0263,6.00E-10
rs7903146-T,10,112998590,0.0051,2.00E-56
rs7903146-T,10,112998590,0.01765,5.00E-23
rs7903146-T,10,112998590,0.98,2.00E-09
rs7903146-T,10,112998590,1.366,2.00E-17
rs7903146-?,10,112998590,0.0481,4.00E-08
rs7903146-C,10,112998590,0.0252,2.00E-66
rs7903146-T,10,112998590,0.18,2.00E-19
rs7903146-T,10,112998590,0.0219,4.00E-09
rs7903146-T,10,112998590,0.0289,3.00E-08
rs7903146-C,10,112998590,0.05567,3.00E-60
rs7903146-C,10,112998590,0.02935,2.00E-26
rs7903146-C,10,112998590,0.02362,1.00E-19
rs7903146-C,10,112998590,0.02521,3.00E-24
rs7903146-C,10,112998590,0.04945,1.00E-53
rs7903146-C,10,112998590,0.02092,4.00E-14
rs7903146-C,10,112998590,0.0242,4.00E-20
rs7903146-C,10,112998590,0.2005,1.00E-27
rs7903146-C,10,112998590,0.2162,2.00E-46
rs7903146-C,10,112998590,0.2378,1.00E-139
rs7903146-C,10,112998590,0.02425,2.00E-18
rs7903146-C,10,112998590,0.0198,3.00E-13
rs7903146-C,10,112998590,0.03597,4.00E-13
rs7903146-C,10,112998590,0.2521,1.00E-302
rs7903146-C,10,112998590,0.05615,2.00E-60
rs7903146-C,10,112998590,0.1095,2.00E-21
rs7903146-C,10,112998590,0.05243,2.00E-12
rs7903146-C,10,112998590,0.05212,7.00E-13
rs7903146-C,10,112998590,0.1348,4.00E-68
rs7903146-C,10,112998590,0.03356,5.00E-36
rs7903146-C,10,112998590,0.0547,1.00E-22
rs7903146-C,10,112998590,0.04998,1.00E-18
rs7903146-C,10,112998590,0.01939,5.00E-13
rs7903146-T,10,112998590,0.0264,2.00E-11
rs7903146-T,10,112998590,0.0239,3.00E-06
rs7903146-T,10,112998590,0.0298,7.00E-08
rs7903146-C,10,112998590,0.2184,6.00E-47
rs7903146-C,10,112998590,0.2316,9.00E-12
rs7903146-C,10,112998590,0.2583,1.00E-39
rs7903146-C,10,112998590,0.196,1.00E-65
rs7903146-C,10,112998590,0.08482,4.00E-65
rs7903146-C,10,112998590,0.09157,1.00E-74
rs7903146-C,10,112998590,0.02994,1.00E-31
rs7903146-C,10,112998590,0.1993,8.00E-236
rs7903146-C,10,112998590,0.2405,2.00E-17
rs7903146-C,10,112998590,0.187,2.00E-35
rs7903146-C,10,112998590,0.2169,2.00E-19
rs7903146-C,10,112998590,0.03755,3.00E-41
rs7903146-C,10,112998590,0.03734,2.00E-43
rs7903146-C,10,112998590,0.2386,1.00E-140
rs7903146-C,10,112998590,0.05042,9.00E-101
rs7903146-C,10,112998590,0.03264,1.00E-33
rs7903146-C,10,112998590,0.2277,6.00E-68
rs7903146-C,10,112998590,0.2141,3.00E-39
rs7903146-C,10,112998590,0.1711,4.00E-16
rs7903146-C,10,112998590,0.2654,1.00E-28
rs7903146-C,10,112998590,0.2655,3.00E-67
rs7903146-C,10,112998590,0.226,2.00E-22
rs7903146-C,10,112998590,0.2019,1.00E-76
rs7903146-C,10,112998590,0.02501,9.00E-13
rs7903146-C,10,112998590,0.2533,3.00E-27
rs7903146-C,10,112998590,0.2694,7.00E-72
rs7903146-C,10,112998590,0.06238,3.00E-128
rs7903146-C,10,112998590,0.08709,1.00E-17
rs7903146-C,10,112998590,0.08214,4.00E-46
rs7903146-C,10,112998590,0.08896,3.00E-18
rs7903146-C,10,112998590,0.09281,4.00E-58
rs7903146-C,10,112998590,0.08863,4.00E-40
rs7903146-C,10,112998590,0.1078,1.00E-110
rs7903146-C,10,112998590,0.02885,3.00E-11
rs7903146-C,10,112998590,0.03128,1.00E-33
rs7903146-C,10,112998590,0.1874,1.00E-12
rs7903146-C,10,112998590,0.02941,1.00E-23
rs7903146-C,10,112998590,0.03152,1.00E-24
rs7903146-C,10,112998590,0.01661,4.00E-11
rs7903146-C,10,112998590,0.03697,1.00E-45
rs7903146-C,10,112998590,0.0179,4.00E-11
rs7903146-C,10,112998590,0.01946,9.00E-15
rs7903146-C,10,112998590,0.03915,8.00E-54
rs7903146-C,10,112998590,0.04068,3.00E-52
rs7903146-C,10,112998590,0.09099,2.00E-17
rs7903146-C,10,112998590,0.07228,3.00E-15
rs7903146-C,10,112998590,0.0374,2.00E-50
rs7903146-C,10,112998590,0.02733,3.00E-19
rs7903146-C,10,112998590,0.02203,4.00E-17
rs7903146-C,10,112998590,0.02516,6.00E-17
rs7903146-C,10,112998590,0.03621,2.00E-12
rs7903146-C,10,112998590,0.02398,1.00E-18
rs7903146-C,10,112998590,0.1052,9.00E-46
rs7903146-C,10,112998590,0.1042,1.00E-11
rs7903146-C,10,112998590,0.07554,2.00E-25
rs7903146-C,10,112998590,0.09309,3.00E-13
rs7903146-C,10,112998590,0.07055,8.00E-29
rs7903146-C,10,112998590,0.09583,3.00E-11
rs7903146-C,10,112998590,0.05552,2.00E-22
rs7903146-C,10,112998590,0.1516,3.00E-15
rs7903146-C,10,112998590,0.1076,2.00E-11
rs7903146-C,10,112998590,0.136,1.00E-13
rs7903146-C,10,112998590,0.1283,3.00E-18
rs7903146-C,10,112998590,0.2048,4.00E-17
rs7903146-C,10,112998590,0.1004,9.00E-14
rs7903146-C,10,112998590,0.09898,1.00E-13
rs7903146-C,10,112998590,0.05552,2.00E-14
rs7903146-C,10,112998590,0.01905,6.00E-13
rs7903146-C,10,112998590,0.02886,4.00E-25
rs7903146-C,10,112998590,0.03212,6.00E-31
rs7903146-C,10,112998590,0.03574,7.00E-14
rs7903146-C,10,112998590,0.0462,3.00E-14
rs7903146-C,10,112998590,0.1759,2.00E-13
rs7903146-C,10,112998590,0.06061,1.00E-14
rs7903146-C,10,112998590,0.07749,3.00E-11
rs7903146-C,10,112998590,0.05823,1.00E-14
rs7903146-C,10,112998590,0.04653,2.00E-45
rs7903146-C,10,112998590,0.05312,8.00E-53
rs7903146-C,10,112998590,0.04345,6.00E-12
rs7903146-C,10,112998590,0.05204,5.00E-52
rs7903146-C,10,112998590,0.06852,1.00E-18
rs7903146-C,10,112998590,0.04372,3.00E-30
rs7903146-C,10,112998590,0.03911,6.00E-15
rs7903146-C,10,112998590,0.03792,3.00E-11
rs7903146-C,10,112998590,0.1911,3.00E-19
rs7903146-C,10,112998590,0.2546,7.00E-68
rs7903146-C,10,112998590,0.1873,3.00E-17
rs7903146-C,10,112998590,0.2602,2.00E-64
rs7903146-C,10,112998590,0.1137,3.00E-120
rs7903146-C,10,112998590,0.0823,2.00E-34
rs7903146-C,10,112998590,0.04078,4.00E-16
rs10830963-G x rs7903146-T,11 x 10,92975544 x 112998590,,5.00E-11
